{
	"name": "tieliikenneonnettomuudet_2015",
	"title": "Tieliikenneonnettomuudet_2015",
	"description": "Tieliikenneonnettomuudet vuodelta 2015.  Tiedoista löytyy kolme taulua: Onnettomuus, Osallinen ja Henkilö.",
	"license":{
	"type": "Creative Commons 4.0 BY",
	"url": "https://creativecommons.org/licenses/by/4.0/legalcode.fi"
	},
	"author": "Liikennevirasto",
	"resources": [{
		"name": "tieliikenneonnettomuudet_2015_onnettomuus",
		"title": "Onnettomuus",
		"schema": {
			"fields": [{
				"name": "Onnett_id",
				"type": "integer",
				"format": "default"
			},
			{
				"name": "Tienpit",
				"type": "integer",
				"format": "default"
			},
			{
				"name": "Tienpitsel",
				"type": "string",
				"format": "default"
			},
			{
				"name": "Tie",
				"type": "integer",
				"format": "default"
			},
			{
				"name": "Aosa",
				"type": "integer",
				"format": "default"
			},
			{
				"name": "Aet",
				"type": "integer",
				"format": "default"
			},
			{
				"name": "Ajr",
				"type": "integer",
				"format": "default"
			},
			{
				"name": "Vuosi",
				"type": "integer",
				"format": "default"
			},
			{
				"name": "Kk",
				"type": "integer",
				"format": "default"
			},
			{
				"name": "Päivä",
				"type": "string",
				"format": "default"
			},
			{
				"name": "Kuolleet",
				"type": "integer",
				"format": "default"
			},
			{
				"name": "Loukkaant",
				"type": "integer",
				"format": "default"
			},
			{
				"name": "Vakavuusko",
				"type": "integer",
				"format": "default"
			},
			{
				"name": "Vakavuus",
				"type": "string",
				"format": "default"
			},
			{
				"name": "ELY",
				"type": "integer",
				"format": "default"
			},
			{
				"name": "Elynimi",
				"type": "string",
				"format": "default"
			},
			{
				"name": "Poliisipri",
				"type": "integer",
				"format": "default"
			},
			{
				"name": "Piirinimi",
				"type": "string",
				"format": "default"
			},
			{
				"name": "Tunti",
				"type": "integer",
				"format": "default"
			},
			{
				"name": "Vkpv",
				"type": "string",
				"format": "default"
			},
			{
				"name": "Ontyyppi",
				"type": "integer",
				"format": "default"
			},
			{
				"name": "Ontyypsel",
				"type": "string",
				"format": "default"
			},
			{
				"name": "Onluokka",
				"type": "integer",
				"format": "default"
			},
			{
				"name": "Onlksel",
				"type": "string",
				"format": "default"
			},
			{
				"name": "Osallkm",
				"type": "integer",
				"format": "default"
			},
			{
				"name": "Nopraj",
				"type": "integer",
				"format": "default"
			},
			{
				"name": "Taajmerk",
				"type": "integer",
				"format": "default"
			},
			{
				"name": "Taajamasel",
				"type": "string",
				"format": "default"
			},
			{
				"name": "Pinta",
				"type": "integer",
				"format": "default"
			},
			{
				"name": "Pintasel",
				"type": "string",
				"format": "default"
			},
			{
				"name": "Valoisuus",
				"type": "integer",
				"format": "default"
			},
			{
				"name": "Valsel",
				"type": "string",
				"format": "default"
			},
			{
				"name": "Sää",
				"type": "integer",
				"format": "default"
			},
			{
				"name": "Sääsel",
				"type": "string",
				"format": "default"
			},
			{
				"name": "Onnpaikka",
				"type": "integer",
				"format": "default"
			},
			{
				"name": "Onnpaiksel",
				"type": "string",
				"format": "default"
			},
			{
				"name": "Liikvalot",
				"type": "integer",
				"format": "default"
			},
			{
				"name": "Liikvalsel",
				"type": "string",
				"format": "default"
			},
			{
				"name": "Liittyvtie",
				"type": "any",
				"format": "default"
			},
			{
				"name": "Maakunta",
				"type": "integer",
				"format": "default"
			},
			{
				"name": "Maakuntsel",
				"type": "string",
				"format": "default"
			},
			{
				"name": "Kunta",
				"type": "integer",
				"format": "default"
			},
			{
				"name": "Kuntasel",
				"type": "string",
				"format": "default"
			},
			{
				"name": "Noplaji",
				"type": "integer",
				"format": "default"
			},
			{
				"name": "Noplajisel",
				"type": "string",
				"format": "default"
			},
			{
				"name": "Nopsuunvas",
				"type": "integer",
				"format": "default"
			},
			{
				"name": "Nopsuunoik",
				"type": "integer",
				"format": "default"
			},
			{
				"name": "Taajama",
				"type": "string",
				"format": "default"
			},
			{
				"name": "Mo_mol",
				"type": "integer",
				"format": "default"
			},
			{
				"name": "Mo_molsel",
				"type": "string",
				"format": "default"
			},
			{
				"name": "Toimluokka",
				"type": "integer",
				"format": "default"
			},
			{
				"name": "Toimlksel",
				"type": "string",
				"format": "default"
			},
			{
				"name": "Kvl",
				"type": "integer",
				"format": "default"
			},
			{
				"name": "Raskaskvl",
				"type": "integer",
				"format": "default"
			},
			{
				"name": "Tienlev",
				"type": "integer",
				"format": "default"
			},
			{
				"name": "X",
				"type": "integer",
				"format": "default"
			},
			{
				"name": "Y",
				"type": "integer",
				"format": "default"
			},
			{
				"name": "Oslakpvm",
				"type": "any",
				"format": "default"
			},
			{
				"name": "Tietyö",
				"type": "string",
				"format": "default"
			},
			{
				"name": "Päällyste",
				"type": "integer",
				"format": "default"
			},
			{
				"name": "Päällsel",
				"type": "string",
				"format": "default"
			},
			{
				"name": "Lämpötila",
				"type": "integer",
				"format": "default"
			},
			{
				"name": "Risteys",
				"type": "integer",
				"format": "default"
			},
			{
				"name": "Risteyssel",
				"type": "string",
				"format": "default"
			},
			{
				"name": "Rautatie",
				"type": "integer",
				"format": "default"
			},
			{
				"name": "Rautatsel",
				"type": "string",
				"format": "default"
			},
			{
				"name": "Muuliit",
				"type": "integer",
				"format": "default"
			},
			{
				"name": "Muuliitsel",
				"type": "string",
				"format": "default"
			},
			{
				"name": "Katuosoite",
				"type": "string",
				"format": "default"
			},
			{
				"name": "Tietyyppi",
				"type": "integer",
				"format": "default"
			},
			{
				"name": "Tietyypsel",
				"type": "string",
				"format": "default"
			},
			{
				"name": "Talvhoitlk",
				"type": "integer",
				"format": "default"
			},
			{
				"name": "Talvhoitsel",
				"type": "geopoint",
				"format": "default"
			},
			{
				"name": "Tienverkas",
				"type": "integer",
				"format": "default"
			},
			{
				"name": "Tienverkse",
				"type": "string",
				"format": "default"
			},
			{
				"name": "Maankäyttö",
				"type": "integer",
				"format": "default"
			},
			{
				"name": "Maankäytse",
				"type": "string",
				"format": "default"
			},
			{
				"name": "Valoohjaus",
				"type": "integer",
				"format": "default"
			},
			{
				"name": "Valoohjsel",
				"type": "string",
				"format": "default"
			},
			{
				"name": "Lisäkaisty",
				"type": "integer",
				"format": "default"
			},
			{
				"name": "Lisäkaisse",
				"type": "string",
				"format": "default"
			},
			{
				"name": "Solmutyyp",
				"type": "integer",
				"format": "default"
			},
			{
				"name": "Solmutyyps",
				"type": "string",
				"format": "default"
			},
			{
				"name": "Liitluok",
				"type": "integer",
				"format": "default"
			},
			{
				"name": "Liitlksel",
				"type": "string",
				"format": "default"
			},
			{
				"name": "Lähliittie",
				"type": "integer",
				"format": "default"
			},
			{
				"name": "Suuntlkm",
				"type": "integer",
				"format": "default"
			},
			{
				"name": "Toimenpide",
				"type": "integer",
				"format": "default"
			},
			{
				"name": "Toimpidsel",
				"type": "string",
				"format": "default"
			},
			{
				"name": "Luovpvm",
				"type": "string",
				"format": "default"
			},
			{
				"name": "Valaisomis",
				"type": "integer",
				"format": "default"
			},
			{
				"name": "Valomsel",
				"type": "string",
				"format": "default"
			},
			{
				"name": "Poikkileik",
				"type": "integer",
				"format": "default"
			},
			{
				"name": "Poikleikse",
				"type": "string",
				"format": "default"
			},
			{
				"name": "Päällyslev",
				"type": "integer",
				"format": "default"
			},
			{
				"name": "Päällystlk",
				"type": "integer",
				"format": "default"
			},
			{
				"name": "Päällksel",
				"type": "string",
				"format": "default"
			},
			{
				"name": "Nakos150",
				"type": "integer",
				"format": "default"
			},
			{
				"name": "Nakos300",
				"type": "integer",
				"format": "default"
			},
			{
				"name": "Nakos460",
				"type": "integer",
				"format": "default"
			},
			{
				"name": "Runkotie",
				"type": "integer",
				"format": "default"
			},
			{
				"name": "Raskos",
				"type": "string",
				"format": "default"
			}]
		},
		"path": "tieliikenneonnettomuudet_2015_onnettomuus.csv",
		"format": "CSV",
		"mediatype": "text/csv",
		"bytes": 0,
		"dialect": {
		"delimiter": ";"
		}
	},
	{
		"name": "tieliikenneonnettomuudet_2015_hlo",
		"title": "Henkilo",
		"schema": {
			"fields": [{
				"name": "Onnett_id",
				"type": "integer",
				"format": "default"
			},
			{
				"name": "Osall_id",
				"type": "integer",
				"format": "default"
			},
			{
				"name": "Henkilo_id",
				"type": "integer",
				"format": "default"
			},
			{
				"name": "Osnro",
				"type": "integer",
				"format": "default"
			},
			{
				"name": "Kulj_matk",
				"type": "string",
				"format": "default"
			},
			{
				"name": "Ikä",
				"title": "Ik",
				"type": "integer",
				"format": "default"
			},
			{
				"name": "Sukupuoli",
				"type": "string",
				"format": "default"
			},
			{
				"name": "Kortti",
				"type": "string",
				"format": "default"
			},
			{
				"name": "Seuraus",
				"type": "string",
				"format": "default"
			},
			{
				"name": "Seuraussel",
				"type": "string",
				"format": "default"
			},
			{
				"name": "Kulj_kans",
				"type": "string",
				"format": "default"
			},
			{
				"name": "Ajokortlk",
				"type": "string",
				"format": "default"
			},
			{
				"name": "Ajokortikä",
				"title": "Ajokortik",
				"type": "integer",
				"format": "default"
			}]
		},
		"path": "tieliikenneonnettomuudet_2015_hlo.csv",
		"format": "CSV",
		"mediatype": "text/csv",
		"bytes": 0,
		"dialect": {
		"delimiter": ";"
		}
	},
	{
		"name": "tieliikenneonnettomuudet_2015_osallinen",
		"title": "Osallinen",
		"schema": {
			"fields": [{
				"name": "Onnett_id",
				"type": "integer",
				"format": "default"
			},
			{
				"name": "Osall_id",
				"type": "integer",
				"format": "default"
			},
			{
				"name": "Osnro",
				"type": "integer",
				"format": "default"
			},
			{
				"name": "Oslaji",
				"type": "integer",
				"format": "default"
			},
			{
				"name": "Oslajisel",
				"type": "string",
				"format": "default"
			},
			{
				"name": "Peräv",
				"title": "Per V",
				"type": "integer",
				"format": "default"
			},
			{
				"name": "Perävsel",
				"title": "Per Vsel",
				"type": "string",
				"format": "default"
			},
			{
				"name": "Ajolaji",
				"type": "integer",
				"format": "default"
			},
			{
				"name": "Ajolajisel",
				"type": "string",
				"format": "default"
			},
			{
				"name": "Kuollut",
				"type": "integer",
				"format": "default"
			},
			{
				"name": "Loukk",
				"type": "integer",
				"format": "default"
			},
			{
				"name": "Ajoneuvika",
				"type": "integer",
				"format": "default"
			},
			{
				"name": "Ajoneuvmas",
				"type": "integer",
				"format": "default"
			}]
		},
		"path": "tieliikenneonnettomuudet_2015_osallinen.csv",
		"format": "CSV",
		"mediatype": "text/csv",
		"bytes": 0,
		"dialect": {
		"delimiter": ";"
		}
	}]
}